<application>
  <component name="PropertiesComponent">
    <property name="FileTemplates.CurrentTab" value="Includes" />
    <property name="FileTemplates.SelectedTemplate" value="ActionScript File Header" />
    <property name="MavenModuleWizard.inheritGroupId" value="true" />
    <property name="MavenModuleWizard.inheritVersion" value="true" />
    <property name="MemberChooser.copyJavadoc" value="false" />
    <property name="MemberChooser.showClasses" value="true" />
    <property name="SettingsSearchHistory" value="maven&#10;code completion&#10;file and code tem&#10;auto&#10;file enc" />
    <property name="create.project.preferred.importer" value="Maven" />
    <property name="defaultJdkConfigured" value="true" />
    <property name="es6.show.auto.import" value="true" />
    <property name="evlsprt3.183" value="16" />
    <property name="file.chooser.recent.files" value="E:/xuechengzaixian/xcEduService01/xc-service-api&#10;E:/xuechengzaixian/xcEduService01/xc-framework-common&#10;E:/xuechengzaixian/xcEduService01/xc-framework-model&#10;E:/xuechengzaixian/xcEduService01/xc-framework-utils&#10;E:/xuechengzaixian/xcEduService01/xc-framework-parent/pom.xml&#10;E:/xuechengzaixian/xcEduService01/xc-framework-parent&#10;E:/xuechengzaixian/xcEduService01&#10;E:/apache-maven-3.5.2" />
    <property name="file.gist.reindex.count" value="148" />
    <property name="fileTypeChangedCounter" value="1" />
    <property name="installed.kotlin.plugin.version" value="1.3.11-release-IJ2018.3-1" />
    <property name="jdk.selected.JAVA_MODULE" value="1.8" />
    <property name="last.imported.location" value="E:/xuechengzaixian/xcEduService01/xc-service-api" />
    <property name="project.wizard.group" value="org.jetbrains.idea.maven.wizards.MavenModuleBuilder" />
    <property name="project.wizard.template" value="Maven" />
    <property name="spring.initializr.service.url.history" value="" />
    <property name="spring.initializr.service.url.last" value="https://start.spring.io" />
    <property name="ts.lib.d.ts.version" value="3.2.1" />
    <property name="typescript.show.auto.import" value="true" />
  </component>
  <component name="SvnApplicationSettings">
    <option name="myCheckoutURLs">
      <list>
        <option value="https://DESKTOP-AJP36D0/svn/jndi/" />
      </list>
    </option>
    <option name="myTypedURLs">
      <list>
        <option value="https://DESKTOP-AJP36D0/svn/jndi/" />
        <option value="https://DESKTOP-AJP36D0/svn/mr/" />
        <option value="https://DESKTOP-AJP36D0/svn/demo/" />
      </list>
    </option>
    <option name="mySvnCommandLine" value="C:\Program Files\TortoiseSVN\bin\svn.exe" />
  </component>
</application>